Accuracy,ClassificationReport,ConfusionMatrix,F1-Macro,NPV,PPV,Precision-Macro,Recall-Macro
0.9617547806524185,"              precision    recall  f1-score   support

           0       0.96      1.00      0.98       823
           1       1.00      0.48      0.65        66

    accuracy                           0.96       889
   macro avg       0.98      0.74      0.82       889
weighted avg       0.96      0.96      0.96       889
","[[823   0]
 [ 34  32]]",0.8164115646258503,0.9603267211201867,1.0,0.9801633605600933,0.7424242424242424
