Accuracy,ClassificationReport,ConfusionMatrix,F1-Macro,NPV,PPV,Precision-Macro,Recall-Macro
0.96962879640045,"              precision    recall  f1-score   support

           0       0.97      1.00      0.98       804
           1       1.00      0.68      0.81        85

    accuracy                           0.97       889
   macro avg       0.98      0.84      0.90       889
weighted avg       0.97      0.97      0.97       889
","[[804   0]
 [ 27  58]]",0.8973375248604607,0.9675090252707581,1.0,0.983754512635379,0.8411764705882353
