Accuracy,ClassificationReport,ConfusionMatrix,F1-Macro,NPV,PPV,Precision-Macro,Recall-Macro
0.9403824521934758,"              precision    recall  f1-score   support

           0       0.93      1.00      0.97       752
           1       1.00      0.61      0.76       137

    accuracy                           0.94       889
   macro avg       0.97      0.81      0.86       889
weighted avg       0.94      0.94      0.93       889
","[[752   0]
 [ 53  84]]",0.8630705876540626,0.9341614906832298,1.0,0.9670807453416149,0.8065693430656935
