Accuracy,ClassificationReport,ConfusionMatrix,F1-Macro,NPV,PPV,Precision-Macro,Recall-Macro
0.9516310461192351,"              precision    recall  f1-score   support

           0       0.94      1.00      0.97       713
           1       1.00      0.76      0.86       176

    accuracy                           0.95       889
   macro avg       0.97      0.88      0.92       889
weighted avg       0.95      0.95      0.95       889
","[[713   0]
 [ 43 133]]",0.9157849053029052,0.9431216931216931,1.0,0.9715608465608465,0.8778409090909092
