Accuracy,ClassificationReport,ConfusionMatrix,F1-Macro,NPV,PPV,Precision-Macro,Recall-Macro
0.9887640449438202,"              precision    recall  f1-score   support

           0       0.99      1.00      0.99       856
           1       1.00      0.71      0.83        34

    accuracy                           0.99       890
   macro avg       0.99      0.85      0.91       890
weighted avg       0.99      0.99      0.99       890
","[[856   0]
 [ 10  24]]",0.9108895029836999,0.9884526558891455,1.0,0.9942263279445728,0.8529411764705883
