Accuracy,ClassificationReport,ConfusionMatrix,F1-Macro,NPV,PPV,Precision-Macro,Recall-Macro
0.9673790776152981,"              precision    recall  f1-score   support

           0       0.97      0.99      0.98       799
           1       0.94      0.72      0.82        90

    accuracy                           0.97       889
   macro avg       0.96      0.86      0.90       889
weighted avg       0.97      0.97      0.97       889
","[[795   4]
 [ 25  65]]",0.8998488856775476,0.9695121951219512,0.9420289855072463,0.9557705903145988,0.8586079821999721
