Accuracy,ClassificationReport,ConfusionMatrix,F1-Macro,NPV,PPV,Precision-Macro,Recall-Macro
0.952755905511811,"              precision    recall  f1-score   support

           0       0.95      0.99      0.97       752
           1       0.94      0.74      0.83       137

    accuracy                           0.95       889
   macro avg       0.95      0.86      0.90       889
weighted avg       0.95      0.95      0.95       889
","[[746   6]
 [ 36 101]]",0.9002447260991302,0.9539641943734015,0.9439252336448598,0.9489447140091307,0.8646237769840037
