Accuracy,ClassificationReport,ConfusionMatrix,F1-Macro,NPV,PPV,Precision-Macro,Recall-Macro
0.9775028121484814,"              precision    recall  f1-score   support

           0       0.98      1.00      0.99       799
           1       0.99      0.79      0.88        90

    accuracy                           0.98       889
   macro avg       0.98      0.89      0.93       889
weighted avg       0.98      0.98      0.98       889
","[[798   1]
 [ 19  71]]",0.9320834861263905,0.9767441860465116,0.9861111111111112,0.9814276485788114,0.8938186622166597
