Accuracy,ClassificationReport,ConfusionMatrix,F1-Macro,NPV,PPV,Precision-Macro,Recall-Macro
0.9932584269662922,"              precision    recall  f1-score   support

           0       0.99      1.00      1.00       856
           1       0.97      0.85      0.91        34

    accuracy                           0.99       890
   macro avg       0.98      0.93      0.95       890
weighted avg       0.99      0.99      0.99       890
","[[855   1]
 [  5  29]]",0.9513767482517482,0.9941860465116279,0.9666666666666667,0.9804263565891473,0.9258864760857615
