Accuracy,ClassificationReport,ConfusionMatrix,F1-Macro,NPV,PPV,Precision-Macro,Recall-Macro
0.953880764904387,"              precision    recall  f1-score   support

           0       0.95      1.00      0.97       713
           1       0.99      0.78      0.87       176

    accuracy                           0.95       889
   macro avg       0.97      0.89      0.92       889
weighted avg       0.96      0.95      0.95       889
","[[711   2]
 [ 39 137]]",0.9209083314346471,0.948,0.9856115107913669,0.9668057553956835,0.8878020209103659
