Accuracy,ClassificationReport,ConfusionMatrix,F1-Macro,NPV,PPV,Precision-Macro,Recall-Macro
0.953880764904387,"              precision    recall  f1-score   support

           0       0.95      1.00      0.97       713
           1       1.00      0.77      0.87       176

    accuracy                           0.95       889
   macro avg       0.97      0.88      0.92       889
weighted avg       0.96      0.95      0.95       889
","[[713   0]
 [ 41 135]]",0.920109504489991,0.9456233421750663,1.0,0.9728116710875332,0.8835227272727273
