Accuracy,ClassificationReport,ConfusionMatrix,F1-Macro,NPV,PPV,Precision-Macro,Recall-Macro
0.9662542182227222,"              precision    recall  f1-score   support

           0       0.97      0.99      0.98       823
           1       0.83      0.68      0.75        66

    accuracy                           0.97       889
   macro avg       0.90      0.84      0.87       889
weighted avg       0.96      0.97      0.96       889
","[[814   9]
 [ 21  45]]",0.8659529553679131,0.9748502994011976,0.8333333333333334,0.9040918163672655,0.8354412901800508
